Hood#,Total Population,Child0-14,Youth15-24,Seniors65,  Total visible minority population,    South Asian,    Chinese,    Black,    Filipino,    Latin American,    Arab,    Southeast Asian,    West Asian,    Korean,    Japanese,"    Visible minority, n.i.e.",    Multiple visible minorities,  Not a visible minority,Total - Mobility status 5 years ago,  Non-movers,  Movers,Total recent immigrant population in private households by selected places of birth,Middle East/Western Asia,Eastern,South East,Southern,    Other places of birth in Asia,Americas w/o USA,  Europe,  Africa,Total population aged 15 years and over by labour force status ,  In the labour force ,    Unemployed,  Not in the labour force,"  No certificate, diploma or degree","    College, CEGEP or other non-university certificate or diploma",    University certificate or diploma below bachelor level,Total number of private households by tenure,  Owner,  Renter,  % of owner households spending 30% or more of household total income on shelter costs,  Major repairs needed,  Average monthly shelter costs for rented dwellings ($),  Average after-tax family income $ (Family income in 2010 of economic families),Household income in 2010 of private households,  Median household total income $,  Median after-tax household income $
1,34100,5970,5405,4305,26475,13080,695,6385,1470,1220,235,820,220,100,55,1615,580,6855,31460,20635,10820,2750,0,65,250,1495,40,530,40,260,27365,17610,1750,9755,6170,4375,1445,10130,7075,3050,27.9,415,945,72820,10130,66241,59703
2,32790,7665,5020,2945,28175,12720,200,8285,680,870,1605,560,1160,85,0,1565,435,4525,30105,16210,13895,5850,1380,0,120,2625,30,710,75,830,24980,14655,2175,10320,6855,3325,1090,9610,4540,5070,33.3,1100,921,57411,9610,49934,46986
3,10140,1825,1350,1745,6285,2285,105,1530,485,670,210,200,285,0,10,225,275,3705,9380,6290,3085,1070,195,0,80,400,0,190,15,130,8135,4825,530,3315,1970,1180,650,3225,2080,1145,25.1,170,887,70838,3225,62042,57522
4,10485,1585,1315,1915,4425,1435,200,1025,245,650,55,85,40,90,50,385,175,5735,9705,6890,2815,800,0,35,20,405,0,255,50,0,8600,5270,590,3330,2095,1450,350,3945,2010,1935,19.7,340,857,69367,3945,56545,51194
5,9550,2110,1380,1095,5510,925,120,2150,605,695,80,400,265,55,0,70,145,4030,8935,6200,2740,545,30,0,50,80,0,205,55,90,7495,4640,575,2850,2025,1395,260,3225,1910,1315,34.3,320,966,61196,3225,50846,49425
6,21725,4465,2895,3420,12180,3965,450,4415,555,815,225,275,730,175,40,240,290,9440,20160,12555,7610,1890,90,0,190,525,60,240,120,550,17255,9855,920,7400,4395,2775,765,7655,3975,3675,25.7,670,1052,68145,7655,55454,50714
7,21345,3375,2675,4515,7915,2425,460,2250,435,950,175,115,245,365,80,195,215,13520,20295,13130,7170,1225,65,55,60,300,0,175,280,245,17920,10190,835,7730,3760,2650,1140,8145,4605,3540,19.7,515,1124,79241,8140,63701,57048
8,10580,1475,1145,2840,2435,380,105,960,80,410,185,25,25,140,0,35,85,7270,9210,6070,3140,400,0,0,15,0,0,85,210,55,8250,4885,405,3365,1620,1210,320,3930,2585,1350,29.7,350,1041,81267,3930,60410,54919
9,14945,2180,1860,2810,2610,200,265,580,165,540,155,70,95,290,45,35,160,12295,14310,9020,5290,755,0,20,35,15,15,325,185,65,12655,7880,635,4770,1725,1780,795,6020,3230,2790,22.6,300,1127,119581,6020,71646,62463
10,11200,1750,1750,1925,1810,540,330,290,125,60,25,25,20,245,55,0,100,9340,10735,7730,3005,495,0,105,40,80,10,65,120,55,9440,6005,425,3435,1085,1460,450,3885,3290,595,16.3,105,1194,144943,3885,114844,93391
11,18805,2760,2550,3645,5180,1315,595,1190,370,290,85,130,100,530,235,165,165,13570,17920,13090,4835,605,0,30,0,135,0,115,175,75,16000,9635,735,6370,2645,2850,1025,6900,5840,1060,22.7,410,1108,88741,6895,80894,69740
12,10435,1355,1165,2570,1445,245,275,120,210,65,105,25,30,255,60,0,40,8920,10090,7115,2975,310,0,0,55,0,0,20,200,0,9070,5440,450,3630,1015,1520,470,4365,3280,1090,21.5,260,1112,100337,4365,74376,64297
13,10925,1780,1425,1920,4250,1200,295,1000,585,295,130,50,285,215,35,115,55,6265,9870,6055,3815,885,115,0,140,30,45,75,325,35,8675,5530,555,3150,1685,1765,520,4045,2250,1790,30,455,1078,67704,4045,56010,50570
14,38070,5165,4330,6530,12355,2535,1235,2150,1405,1040,210,765,390,1590,225,525,300,25060,35490,19625,15865,3305,155,305,380,675,120,505,885,180,32325,21295,1565,11025,4080,5315,2155,16250,9955,6290,26.4,815,1072,87747,16250,66537,57658
15,9175,1730,1015,1720,1005,245,280,80,75,50,0,25,0,165,45,0,25,8100,8620,5905,2715,130,0,20,0,0,0,10,25,0,7360,4865,295,2495,665,945,310,3505,2965,535,15.3,160,1640,191204,3500,131047,106386
16,24690,3895,2485,3985,3890,1015,350,545,355,390,115,425,120,180,170,110,115,20645,23150,15380,7770,1480,75,65,30,125,90,345,670,35,20575,13650,1095,6925,2750,3315,910,10425,6860,3565,18.5,545,996,100867,10420,78238,67549
17,26550,2970,2335,3915,6700,1055,1095,1300,865,620,445,310,250,205,125,230,195,19640,25020,13420,11595,1570,20,125,175,95,50,250,665,70,23425,16325,1195,7105,3345,4725,1385,13680,7490,6185,27.4,915,1009,87901,13680,64589,55300
18,10905,1480,1390,1485,3260,460,140,1215,505,215,110,110,45,70,65,250,75,7410,10110,5930,4180,485,30,20,45,20,0,80,130,95,9190,5880,520,3315,1740,1865,510,5170,2160,3005,24.3,600,777,70398,5165,44141,40859
19,9630,1325,1130,1215,2005,245,170,330,380,340,35,65,35,105,40,145,115,7590,9110,5215,3895,505,0,0,90,0,0,155,160,0,8280,5870,505,2410,1455,1705,345,4515,2270,2245,29.1,425,922,77549,4515,52771,47680
20,11900,1660,1335,1980,1955,500,285,205,540,125,0,40,0,20,50,135,30,9910,11255,8300,2955,375,0,0,75,0,0,45,205,15,10210,6735,500,3470,2290,2090,455,4665,3635,1030,18.2,375,984,83584,4660,71585,61402
21,12530,2305,1740,2265,7340,3980,65,1195,140,555,265,550,335,0,0,140,120,5165,11800,8170,3635,1055,180,0,30,590,0,140,0,40,10255,5800,645,4450,3745,1365,310,3790,2745,1045,29.2,155,907,65757,3790,57786,53272
22,15850,3160,2260,2005,11725,3800,195,3005,605,1870,180,875,195,100,0,495,405,4105,14705,8590,6115,1890,115,0,250,625,30,555,15,260,12665,7845,1030,4825,3475,2105,570,5115,2660,2455,28.5,375,966,59697,5115,51959,48655
23,8705,1475,1135,1485,3240,480,130,945,225,470,85,425,110,45,20,135,170,5385,8135,6445,1685,225,0,0,35,0,45,85,15,0,7105,4505,440,2605,1835,1610,175,2975,2525,450,20.8,190,1019,76800,2975,67412,59842
24,22060,5110,3380,2560,17805,2575,835,7035,575,1430,865,2455,475,40,0,1095,410,4130,20095,11410,8690,2700,610,0,325,275,170,565,110,555,16905,9585,1300,7320,5635,2595,450,7250,2390,4855,25.9,1070,846,52499,7250,41878,39986
25,31395,6535,4550,4720,23905,2660,1405,7190,720,5085,565,4020,370,30,0,605,1245,7120,28960,18415,10540,2755,300,30,425,485,70,1000,95,235,24320,13075,1755,11245,9295,2970,670,10000,4950,5055,26.7,1145,818,56582,10005,46475,44488
26,34650,6040,4235,5240,18135,1495,690,5995,2805,3060,315,2150,250,95,55,600,625,16370,32330,19135,13200,3600,185,45,1300,220,40,1105,190,360,28610,17550,1760,11065,9055,4535,1260,13265,6145,7125,25.9,1200,905,61994,13270,47173,44087
27,27715,4410,5030,3525,17710,4420,1920,4590,1560,1270,355,1415,585,315,115,530,630,9595,25665,13515,12145,3165,380,305,515,700,60,455,215,445,22875,13590,1545,9285,5490,3425,1140,10315,4650,5660,33.3,810,911,59770,10310,45534,42916
28,9950,2245,1305,1755,6125,485,55,3825,355,670,100,370,40,0,20,95,115,3765,9065,6320,2745,425,0,0,60,45,0,195,0,105,7630,4170,605,3465,2365,1310,320,3655,1495,2160,27.8,290,740,59004,3655,43976,41187
29,10195,1615,1140,2075,4390,1310,175,725,1000,695,40,200,75,0,0,75,95,5550,9375,6225,3145,930,0,0,325,375,0,160,0,20,8260,5205,360,3055,2550,1205,325,3555,1990,1565,19.6,385,936,68718,3555,57721,52174
30,17785,3555,2445,2185,11220,1615,615,4490,720,1660,95,1265,45,40,0,285,400,6280,16205,9910,6300,1550,70,0,300,130,0,595,125,265,13975,8695,835,5280,3825,2425,630,6390,2660,3730,27,570,893,60364,6390,47040,43512
31,14685,2145,1680,3445,6115,755,800,1565,935,725,110,500,175,10,15,290,225,7705,13185,9025,4165,825,0,45,310,80,0,175,80,35,11640,6950,710,4690,3635,1615,445,5240,2965,2280,25.5,540,916,70539,5240,54093,49803
32,22080,4755,2820,4055,8225,545,375,2620,3360,400,50,215,225,40,35,170,195,12975,19525,12145,7380,2630,125,0,1635,30,40,190,165,70,16445,9705,735,6745,2365,2740,960,8135,3445,4690,27.9,610,904,86616,8135,49762,45087
33,14610,2580,1715,2120,5010,375,275,555,3090,205,30,50,45,60,20,115,195,9540,13595,8470,5130,1470,0,25,1010,0,45,40,215,70,11975,8165,610,3810,1865,1705,815,5540,2925,2610,24.7,370,938,89550,5535,61094,54498
34,15435,2310,1810,2825,4340,530,360,475,1340,495,135,60,435,195,15,90,195,10745,14250,8250,5995,1690,265,30,440,105,55,195,520,25,12825,8050,625,4775,2450,2210,565,6020,3230,2790,26.9,320,1015,76914,6020,56563,51076
35,25445,3535,3185,4710,8765,555,560,855,4085,390,270,65,665,745,60,75,425,16600,24100,12325,11780,4840,565,75,1730,75,590,130,1600,25,21780,13480,1240,8300,2550,3800,1545,10095,4055,6040,36,1295,1095,62791,10095,45888,42465
36,23050,2855,3030,3705,11630,815,1845,425,3460,225,190,130,1710,2220,110,30,470,11220,21805,10920,10885,4205,985,550,1700,105,205,65,485,0,19995,12080,1175,7915,2205,2810,1295,8620,4890,3730,34.4,570,1135,66505,8620,50150,46815
37,15005,1670,1705,2965,7410,605,2735,255,450,190,165,45,1275,1435,95,20,155,7555,14300,7160,7140,1535,570,385,80,85,20,80,215,25,13210,7715,490,5500,1270,1640,980,6680,4555,2120,34,300,1117,83632,6675,60537,54226
38,14640,2315,1760,1970,4945,365,1340,410,800,165,205,70,665,640,115,50,120,9610,13740,7405,6335,1760,515,275,195,65,65,100,445,0,12270,8210,655,4055,895,1695,635,5985,3525,2460,28.3,525,1332,105947,5985,70571,60980
39,23185,4715,2935,3615,4090,355,580,390,1655,245,205,25,160,165,120,40,145,18845,21430,13565,7870,1340,85,55,675,0,0,55,145,140,18220,11680,735,6540,1890,2055,1115,8715,5960,2755,21.2,485,1124,161110,8715,90934,76160
40,17955,2725,2770,2680,7725,1080,3220,400,495,220,135,120,820,900,115,50,170,10165,17235,10455,6785,1590,340,650,55,135,0,130,185,30,15260,9610,810,5650,1435,1855,1045,6460,4290,2180,26.3,215,1270,162988,6460,94271,80145
41,8715,1410,1360,1510,1965,210,990,25,90,30,30,0,325,75,100,0,80,6685,8400,5315,3080,350,35,40,35,0,0,10,70,30,7195,4275,245,2920,630,695,355,3005,2805,200,18.7,95,2388,356777,3005,208674,161448
42,26910,3710,2720,6095,11935,2340,4295,940,970,315,595,200,980,615,250,115,335,14595,25350,14865,10490,2060,325,585,265,170,30,175,260,120,22855,14005,985,8850,2300,3385,1400,11770,7035,4735,25.8,570,1213,115239,11770,70039,60203
43,17180,2735,1900,3160,9390,2905,765,1740,1000,330,885,215,670,150,65,330,350,7470,15830,9430,6395,1610,185,40,320,355,85,225,110,215,14125,8450,915,5680,2790,2795,785,7285,3085,4205,21.9,750,867,65104,7285,47529,43743
44,22165,4455,3085,2685,17115,7350,1405,2395,1785,650,350,360,1880,265,25,340,310,5045,20605,10880,9720,3045,410,215,220,1255,90,235,205,275,17710,10370,1585,7335,3615,2930,995,8035,3755,4280,34.8,970,932,55824,8035,46554,43511
45,34620,6100,4710,4885,17715,3780,2910,3630,1940,1000,1200,190,1270,815,185,310,500,16840,32465,17615,14850,3910,510,300,690,685,225,515,525,350,28465,18490,2070,9975,3860,4525,1535,13140,5365,7775,23.1,1050,1114,74645,13140,59027,52550
46,16145,2270,2010,2855,10230,1615,5800,535,570,215,370,30,440,160,85,110,300,5905,15415,10010,5405,1615,85,955,0,180,45,120,80,65,13890,8210,815,5675,2580,1980,835,5525,4215,1310,28.4,405,1075,71782,5525,65197,60065
47,26735,4160,3375,4140,18195,3070,7340,1290,1650,545,520,235,2095,625,175,210,440,8280,24975,13775,11200,4365,1000,1440,525,455,170,225,355,75,22370,13850,1535,8515,2665,3105,1830,9750,5010,4735,32.1,710,1114,69884,9750,56780,51247
48,17650,2100,2480,3830,12525,1150,8295,690,420,95,200,215,625,480,45,115,200,4900,16860,11795,5065,1360,60,895,20,110,20,80,65,30,15335,8320,750,7015,1985,2220,1320,6545,5060,1485,27.2,515,678,81484,6545,64522,57682
49,13535,1640,1890,3200,8210,850,4300,575,45,40,215,70,900,885,120,80,135,4965,12710,8245,4465,980,300,400,0,55,25,20,80,75,11525,6620,690,4900,1420,1555,925,4720,2795,1930,25.1,230,1459,88861,4720,70294,61716
50,16425,1745,2190,3025,10790,925,4545,235,440,90,160,50,2075,1900,95,90,185,5125,15365,8250,7115,1925,745,790,100,110,0,0,70,35,14195,8325,775,5875,1620,1480,1120,6230,4210,2015,35.6,375,1203,84163,6225,61490,54195
51,45025,5005,6470,5030,31410,2215,14425,1100,600,515,1100,260,4795,5025,515,85,770,13535,42945,18190,24755,6650,1985,2980,155,270,165,400,375,215,39910,24755,1945,15155,2675,4040,2815,19635,13515,6120,38,460,1453,80607,19635,64362,55154
52,17675,2050,2145,2990,10615,855,4735,725,465,210,195,190,1505,1235,165,50,295,6680,16650,8355,8295,2010,450,625,155,125,90,210,230,25,15210,9555,800,5655,1260,1965,975,7375,4805,2565,34.7,340,1441,92800,7375,67186,58028
53,11340,2185,1495,1095,8525,2310,2075,940,1185,105,575,120,780,180,0,90,150,2885,10645,4735,5910,2555,385,430,605,510,190,90,155,75,9220,5820,745,3400,920,1385,570,4095,1450,2650,32.5,235,1156,65901,4095,52675,47659
54,18315,3185,2310,2515,6410,1680,680,1435,965,340,0,260,435,50,105,185,265,11735,17060,10520,6535,1300,30,50,230,440,0,205,75,145,14960,9340,860,5625,2950,2755,665,7400,3600,3805,23.9,780,865,73050,7405,54491,48969
55,19225,5065,2205,1960,14785,9450,395,680,1480,355,290,135,1420,60,55,205,260,4315,17050,6785,10265,4165,420,40,275,2385,75,140,405,230,14040,7985,1250,6055,2590,1840,770,6710,610,6105,43,730,1055,49530,6710,40795,38645
56,17010,3415,2030,2665,2180,365,695,240,150,80,50,80,110,180,145,20,65,14275,15450,10620,4835,380,40,50,40,20,35,10,85,0,13010,8695,660,4310,1130,1600,660,6550,4780,1770,14.3,350,1158,158847,6550,102666,85039
57,11565,1585,1135,1565,2620,370,490,490,520,180,145,40,70,90,90,115,20,8820,10795,5940,4855,1035,30,70,240,35,15,90,420,65,9895,6520,715,3380,1845,1845,570,5615,1915,3695,30.1,575,940,67940,5610,45969,41036
58,9115,1365,915,1405,2310,360,680,235,600,60,0,85,25,70,100,45,45,6785,8650,5790,2860,240,0,0,85,0,0,45,45,0,7735,5175,340,2560,1255,1525,400,3855,2670,1185,20,305,959,90478,3860,72230,61174
59,16710,2600,1545,2370,2415,630,910,255,195,35,0,85,35,50,60,60,95,6960,15545,10755,4800,425,0,20,30,0,30,65,130,45,14035,9740,680,4295,2705,2405,535,6950,5005,1945,20.6,775,923,83989,6950,70739,63221
60,7825,1075,765,1055,3025,585,835,630,200,175,15,115,35,70,50,105,200,8650,7385,4625,2760,150,0,0,0,10,0,25,20,0,6745,4430,375,2315,1110,1440,340,3485,2380,1095,23.6,525,823,74945,3480,65259,56681
61,15595,3030,1760,1600,9990,5670,830,1235,695,305,70,395,280,70,35,170,235,5405,14195,6595,7600,3165,230,170,165,1850,80,130,190,280,12355,7990,1295,4360,2145,1915,490,6295,2260,4035,36.6,790,882,51131,6295,40915,37875
62,20840,3535,2230,2200,5860,1260,1335,1175,835,145,230,175,165,95,75,110,265,14610,19155,11105,8050,1080,0,30,225,295,40,65,215,105,16950,11970,935,4970,2660,2740,645,9115,4930,4185,25.2,970,831,90812,9115,63526,56179
63,21135,3685,2125,2310,2235,445,455,350,175,130,0,80,20,120,145,175,115,18710,19705,11890,7815,505,0,20,40,0,0,35,230,0,17265,12995,845,4270,1445,2625,700,9375,6240,3140,22.1,640,1154,139757,9375,85028,70957
64,11705,2035,1115,1045,2355,430,685,355,295,45,135,95,45,0,45,100,125,5445,10765,6855,3910,255,0,50,0,30,0,35,30,0,9635,6925,485,2700,1405,1740,410,5205,3250,1965,18.6,560,782,90338,5205,72937,63343
65,14075,2160,1490,1595,5835,1125,2310,985,405,110,25,245,135,60,70,120,250,8160,13030,8105,4915,535,0,95,35,195,0,50,80,35,11845,7815,795,4030,2565,1905,510,6005,3715,2285,24.3,855,829,76085,6005,57853,52770
66,9450,1540,1010,1370,4375,735,1680,500,395,190,0,140,215,35,150,130,205,12260,8735,5875,2860,185,0,0,35,0,0,20,60,0,7845,5195,335,2650,1630,1120,205,3905,2490,1410,20.3,320,828,88629,3905,69640,62482
67,7655,1140,730,1055,1310,210,365,120,85,115,0,55,20,100,120,35,65,6190,7110,4220,2895,175,0,0,0,0,0,40,35,0,6420,4685,355,1735,720,1040,250,3535,1665,1865,27.3,365,1075,112244,3535,62185,55536
68,12195,1895,1220,1460,2840,195,1550,245,55,130,0,240,0,50,150,25,190,9100,11315,7385,3935,255,0,100,15,0,0,15,70,0,9965,7280,430,2685,1250,1240,435,5150,2945,2200,18.8,420,1057,114599,5150,80260,68164
69,7765,1360,945,815,2830,465,980,630,50,100,105,85,210,0,0,75,105,4880,7270,4240,3030,375,25,125,0,95,0,20,50,0,6470,4210,410,2265,1495,825,260,3235,1760,1480,28.2,290,778,76633,3235,55411,51381
70,25640,3435,2725,2780,11390,940,6635,1090,615,225,50,550,45,30,150,290,765,13380,23245,13220,10030,1185,0,675,55,55,0,30,100,60,21275,14790,1060,6485,4325,3040,940,10740,6635,4105,27.3,1115,859,83795,10745,65076,56192
71,12050,870,1090,1830,3080,510,530,430,630,245,40,150,110,100,65,105,170,8280,10985,5480,5510,695,0,55,160,45,60,140,100,0,10470,7725,565,2750,880,1555,435,6630,2940,3690,25.5,570,976,103558,6630,60268,50873
72,10010,2035,1620,565,7005,2695,1245,1750,200,195,45,520,80,55,0,30,185,2310,8690,4165,4525,840,10,250,35,280,0,100,10,130,7285,4090,640,3195,1465,1085,315,3845,715,3135,41.5,675,631,51758,3850,32172,30794
73,16310,1290,1750,1385,5670,860,810,1875,370,390,110,325,185,290,65,125,260,8670,13785,6045,7740,1075,105,10,30,165,120,130,165,200,13070,9340,805,3730,1625,2090,560,9030,3335,5695,31.4,765,795,87222,9035,41295,37295
74,17825,2310,2400,1410,11480,3390,1030,1890,2935,380,270,305,220,395,70,280,315,6110,16650,6820,9835,3320,80,235,930,1150,55,315,165,290,15285,10055,1115,5235,1920,2495,865,9200,615,8590,48.8,1080,879,49005,9205,32514,31304
75,28345,1105,4485,2570,10455,1575,2930,1555,780,730,595,485,315,590,250,240,405,17145,27050,9395,17655,2120,220,310,205,305,65,260,355,200,26585,19420,1630,7160,1520,3820,1250,18230,5330,12900,38.4,1090,1134,77996,18230,47195,41813
76,19345,1375,3740,1805,10555,1690,4005,630,225,365,1105,480,370,1010,265,120,305,8635,18395,5055,13335,2265,375,695,35,315,135,230,230,65,17795,11840,1120,5950,695,1245,885,11395,3775,7625,46.2,380,1467,90324,11395,50363,44614
77,43365,2410,4685,3245,17445,3730,5075,2205,1085,905,900,690,870,735,325,185,740,25705,41855,12770,29085,3180,320,660,155,445,185,355,540,220,40710,33045,1675,7670,1630,5325,2060,26990,13350,13640,37.2,615,1417,95004,26990,69107,57670
78,18500,1520,3640,2585,11170,645,7030,995,375,315,195,605,275,280,100,95,255,6830,17490,8290,9200,1210,0,805,15,25,20,90,70,80,16620,10560,1070,6060,3405,1745,705,8635,2655,5975,43.5,880,1004,64945,8630,40793,37571
79,7790,475,1690,1225,2265,285,910,150,125,140,45,110,0,225,105,65,90,4325,6405,2715,3685,375,0,175,30,0,0,50,50,0,6080,4165,480,1920,650,580,260,3290,1335,1960,33.5,265,1246,92815,3295,51222,45538
80,13735,1225,1760,1880,3125,360,1225,395,95,265,20,75,120,195,120,30,215,10550,13245,6955,6290,435,0,85,0,0,0,50,100,60,12490,9320,760,3170,1975,1350,305,6235,2650,3590,25,635,1181,94190,6235,59378,52309
81,16805,1725,1915,2400,5045,275,3580,345,105,195,45,210,0,25,115,40,100,11450,15795,9185,6610,855,0,585,40,10,0,55,110,0,14805,9960,810,4845,4200,1620,455,6845,3905,2940,35.6,660,1130,77477,6845,56368,51502
82,21000,1360,1765,1035,6255,1000,1475,1150,495,460,245,350,155,280,100,185,370,14400,19900,6130,13770,900,30,130,30,55,55,135,255,65,19190,16345,815,2840,1165,3260,690,12635,7795,4840,34.4,325,1296,88996,12640,70862,59929
83,11450,1295,1255,1400,3615,790,860,400,115,620,210,210,20,95,60,115,120,7765,10850,5870,4975,775,0,135,55,55,15,200,195,35,10010,7140,490,2870,2005,1340,465,5105,2005,3100,30.6,460,1021,66895,5110,47843,44145
84,12055,1230,1230,1880,3030,265,1040,430,95,295,40,325,25,70,50,135,240,8795,11375,6675,4700,215,0,25,0,0,0,95,40,0,10595,7240,405,3360,3040,1295,335,5305,2475,2825,26.3,470,997,74372,5305,59886,52519
85,21245,2565,2410,2225,9700,1955,645,1750,1440,520,275,965,215,130,160,1260,390,10365,19000,7790,11210,3005,30,345,470,1300,60,115,320,210,17475,11555,1495,5920,3435,2870,750,10595,1105,9485,30.3,1025,865,54454,10595,35601,32539
86,15050,2485,1335,1620,3865,1085,680,600,150,255,30,455,30,40,160,280,90,11010,13955,7735,6215,1095,0,70,0,240,45,65,475,40,12490,8815,565,3670,2310,1855,550,6815,3155,3660,26.7,940,939,86526,6815,52154,46883
87,21750,3270,1900,3395,3435,610,735,515,320,355,120,65,60,180,175,95,200,17860,20025,11370,8650,625,35,50,25,0,25,155,200,20,17960,12930,870,5030,1540,2455,830,9855,5975,3875,26.4,795,1053,116465,9850,72286,62128
88,21300,2655,2115,2545,4805,820,835,565,220,575,125,230,365,595,95,160,215,16190,20000,10140,9855,1500,25,150,45,155,95,155,625,35,18425,13405,1040,5015,1600,3025,885,10605,3605,7000,21.2,1040,1134,89737,10605,60879,52827
89,9635,1825,965,1070,1790,270,525,195,120,110,25,65,70,55,90,75,195,7830,8885,6155,2730,205,0,0,15,0,0,35,55,0,7805,5520,380,2285,930,1030,290,3810,2945,865,18.7,315,1083,114798,3805,91230,74729
90,14015,2015,1685,1320,4010,460,750,600,625,525,35,345,35,95,65,235,255,9620,12810,7305,5510,725,0,60,220,95,0,135,115,0,11590,8700,695,2890,1905,2075,505,5755,3395,2355,29.7,415,1025,78000,5755,60789,53804
91,12015,2030,1640,1250,10380,1150,335,5440,505,1350,155,730,95,55,45,305,225,7525,11340,7755,3590,610,0,0,55,0,0,245,190,55,9970,6480,795,3490,3725,1350,175,4400,2590,1810,27.4,455,719,66933,4400,51205,48206
92,13735,1950,1790,1910,3880,305,350,855,525,1390,50,190,50,0,0,65,90,9680,12830,8655,4170,655,0,0,55,0,0,410,105,30,11600,7450,750,4150,3595,1635,440,5100,3265,1835,26.8,465,945,74367,5100,63149,56345
93,34635,4445,4355,4230,11815,1850,2825,2070,955,1425,310,930,125,325,280,380,340,22540,32715,19305,13405,1695,0,190,160,190,90,485,270,200,30020,20530,1620,9490,8205,4440,1040,13945,7460,6485,30.4,1595,963,70893,13945,56997,50741
94,13985,1880,1520,2895,3640,265,750,755,445,465,40,260,50,210,135,35,230,9150,12055,7365,4690,585,0,75,115,0,25,140,125,55,10865,7250,550,3615,1970,1410,445,5530,2700,2830,21.4,645,930,90496,5530,55941,50261
95,29180,2195,3915,4805,6010,820,1660,785,325,405,240,170,365,465,335,120,315,21410,26410,12275,14140,1345,205,225,40,30,55,155,255,70,25185,18085,1315,7095,1685,2580,1125,15550,5770,9780,29.3,1110,1237,141111,15545,57825,49912
96,10485,1155,1060,1980,1795,320,360,225,255,190,15,20,45,115,70,40,145,8615,10035,4990,5045,475,0,20,65,30,0,135,150,0,9285,6530,390,2750,525,940,560,5320,2225,3095,26.6,370,1494,188924,5325,78152,65574
97,11655,975,930,2485,1675,310,410,145,125,110,100,25,200,90,85,35,40,9850,11160,5160,5995,615,120,20,35,40,0,65,170,20,10575,7535,530,3040,340,1435,435,6780,2625,4160,18.7,515,1314,173751,6780,71728,58838
98,20635,2490,2260,4525,2955,585,835,265,290,210,130,30,140,240,100,50,80,17205,19465,11570,7895,740,25,135,15,65,15,125,175,30,17705,11125,660,6585,1070,1970,860,10005,5740,4260,21.3,660,1468,249884,10005,88855,72915
99,15980,2795,1475,2105,2495,365,720,280,205,135,135,55,110,165,145,40,135,13480,14865,8535,6330,585,25,80,20,30,55,75,155,50,13175,9730,620,3445,1015,1635,670,7370,4400,2970,14.7,580,1097,133977,7375,84873,71154
100,10580,1550,1120,1290,1940,195,515,165,250,195,40,145,75,135,70,65,85,8620,9935,5285,4655,435,90,10,25,35,30,60,85,25,9010,6515,370,2495,490,1245,350,5205,2050,3155,16.6,390,1246,140907,5200,72977,63267
101,10925,1320,1580,2150,1320,245,390,75,285,105,0,45,10,45,70,15,35,9260,10195,6335,3860,320,0,0,100,0,0,60,100,20,9215,6035,420,3180,720,975,415,4790,2635,2160,24.4,385,1206,251035,4790,78269,67446
102,12475,2010,1525,1690,3080,150,275,355,1280,395,130,125,60,90,60,20,140,9255,11600,6540,5060,1365,115,30,505,0,65,100,475,30,10390,7285,630,3110,995,1450,680,5335,1850,3485,18.4,360,1132,137887,5335,61596,53978
103,15075,2895,2190,1795,1900,210,580,120,260,115,20,110,80,170,145,0,85,13160,14270,9625,4645,485,25,40,75,0,45,60,110,20,12235,8510,700,3725,905,1015,520,5675,4010,1665,18.1,420,1230,216754,5675,127853,105043
104,28590,1990,2695,3830,8890,1350,1410,1270,1005,890,390,105,835,770,375,220,275,19125,27090,9325,17770,2760,445,355,260,270,80,460,605,130,25950,19530,1445,6420,1725,4305,1515,17575,4555,13020,29.7,700,1148,89797,17575,55802,48066
105,14540,3340,1500,1700,2270,405,830,160,175,55,0,75,75,235,60,0,180,12235,13285,9060,4220,400,0,30,60,0,0,0,95,0,11105,7965,455,3140,765,960,390,5495,4240,1260,15.1,295,1290,165131,5495,125667,103660
106,14110,2055,1730,1605,4050,275,330,835,1405,505,65,75,40,145,95,45,225,9980,13245,7405,5835,830,25,0,375,20,0,150,95,50,11975,8775,590,3200,1285,1950,620,6575,2370,4205,23.4,605,974,105770,6575,57140,49252
107,21075,3140,2355,3430,9105,615,740,2690,2155,1700,65,160,85,205,155,175,360,11765,19745,12055,7695,1650,10,35,525,0,0,590,315,100,17750,11425,950,6325,4555,2390,815,8560,4570,3985,26.6,955,877,67809,8555,49838,46349
108,14295,2015,1660,1870,6490,485,460,1540,2535,770,50,150,110,175,35,70,105,7810,13600,7560,6040,1575,0,50,725,0,0,335,340,80,12285,8230,645,4060,2690,1845,805,5810,2870,2940,29.5,480,976,67358,5810,53990,48395
109,9855,1585,1300,1240,3685,265,105,710,885,990,0,250,40,0,50,190,175,6185,9355,6080,3270,855,15,40,140,0,0,205,365,30,8330,5300,515,3025,3045,1275,250,3515,2425,1090,30,400,941,66257,3515,56115,51225
110,10640,1685,1385,1555,4850,770,160,1425,730,860,0,560,0,0,25,135,150,5700,10000,6440,3565,960,0,0,265,50,0,230,325,60,8875,5605,605,3275,3425,1095,270,3985,2510,1470,34.1,355,796,64857,3980,48667,45058
111,22270,3825,2925,3395,10275,1005,655,2650,665,2580,35,1545,35,165,75,440,425,11975,20975,13675,7300,1080,0,0,225,80,0,510,165,45,18440,11250,1295,7190,5715,2810,805,8905,5250,3650,29.1,930,810,64271,8905,49695,46154
112,6490,1240,870,775,3475,615,35,1780,220,445,20,130,15,30,0,100,80,2975,6000,3975,2020,520,90,0,55,0,0,230,20,90,5215,3150,360,2065,1630,855,150,2665,905,1765,28.2,190,749,58706,2665,41175,37540
113,18170,3195,2370,2235,4965,445,175,1610,230,1005,90,1020,0,50,0,100,205,7030,16620,9215,7400,1070,0,20,115,95,0,325,80,375,14725,9585,955,5140,3995,2835,545,7905,3090,4815,34.4,800,874,61470,7905,45119,41356
114,7920,1625,880,910,1720,90,140,1025,25,230,10,35,40,0,0,25,80,6110,7265,4930,2335,240,0,0,0,0,0,60,55,70,6265,4210,215,2060,945,900,230,3160,1920,1240,13.5,445,814,122277,3160,69525,58158
115,13150,2445,1880,1485,8270,660,310,3570,700,1575,20,405,75,210,0,425,315,4585,12040,7165,4875,1175,0,0,200,0,0,545,140,140,10390,6780,920,3610,2855,1955,305,4875,2470,2410,39.9,415,896,57386,4880,46811,43790
116,25010,3010,3490,4545,22050,1820,17420,560,715,60,340,255,145,100,85,45,495,2655,23750,15575,8180,2745,20,2395,95,50,50,45,0,55,21680,12115,1355,9565,4545,3045,1495,7685,6585,1095,31.9,320,1155,67732,7680,60946,55755
117,44915,6705,6195,7745,34310,8315,16480,3290,1625,265,830,465,1030,365,120,555,965,10275,42340,27045,15300,4355,370,2325,300,905,35,165,60,145,37900,21770,2315,16130,8430,5525,2550,14915,10125,4790,33.5,1070,919,64493,14920,53644,49769
118,27390,4210,3325,5560,19640,4795,9450,1350,1350,300,455,220,745,185,90,220,485,7380,25560,15170,10395,3080,95,1470,420,740,50,65,50,115,22835,12580,1240,10250,4165,3690,1425,9805,5700,4110,31,645,964,64630,9810,49720,46095
119,27020,4280,3450,4600,12805,3640,1550,1500,3335,500,625,165,355,275,90,470,295,13920,25290,16920,8370,1750,60,110,755,350,65,155,95,70,22410,13915,1400,8500,4790,3620,1230,9970,6320,3655,21.5,880,904,69418,9975,58939,53752
120,24775,4245,3160,3150,13390,4730,2010,2145,2640,300,185,280,270,50,70,310,400,10720,22605,12390,10220,2110,0,110,525,810,100,170,170,130,19940,12970,1255,6975,3795,3555,950,8750,5770,2980,27.9,550,890,69549,8755,59224,53716
121,13505,2870,1660,1495,9125,4325,760,2085,900,170,145,235,250,0,40,45,165,4150,12215,6310,5905,2575,50,40,130,1740,50,110,190,155,10405,6040,1040,4370,2330,1690,490,5225,1600,3630,27.2,790,730,50793,5230,33980,32079
122,21860,3215,2570,3305,4430,1080,1125,680,600,235,95,75,65,55,110,140,170,16870,20240,13855,6390,495,0,55,55,145,0,35,120,0,18095,12215,1295,5875,3120,3485,760,9185,6170,3015,21.6,1050,849,90256,9190,64701,57017
123,15700,2650,2110,2410,5545,2040,830,695,645,215,145,75,170,45,85,260,335,9960,14730,9805,4925,640,45,35,70,300,0,125,0,20,12890,7905,720,4980,2380,2095,910,5825,4070,1755,23.1,580,839,83694,5820,68647,60384
124,17050,2930,2210,2280,11185,3855,1255,2245,2185,180,70,475,255,40,30,210,385,5795,15980,10180,5805,1355,0,30,430,510,0,80,55,190,14005,7855,935,6150,3100,2580,575,6530,3670,2870,32.5,715,742,58513,6530,44226,41776
125,13095,2185,1700,1690,9115,2935,945,1635,2220,225,100,255,225,20,50,330,170,3955,12280,6965,5315,1550,0,115,575,430,15,260,40,100,10895,6645,885,4250,2430,1780,660,5070,1985,3085,31.3,455,863,57069,5070,46955,42971
126,24360,4490,3005,3225,17820,7265,2685,2125,2490,470,790,460,400,40,70,430,595,6130,22290,13705,8585,2435,85,305,435,985,35,215,60,180,19485,12095,1375,7390,4045,3075,1245,8525,5290,3235,32.1,535,921,60973,8525,51724,47630
127,27870,4410,3740,4850,18235,7160,4135,1385,2540,530,285,375,710,55,190,405,470,8880,25655,14790,10870,2820,245,510,510,1005,35,165,75,185,22750,13605,1430,9145,4455,3845,1520,9995,6720,3275,29,585,977,65560,9995,55786,51254
128,21990,3160,3110,3435,17785,3630,10480,1275,1035,150,170,215,40,80,100,165,455,4015,20725,12880,7850,2330,0,1365,220,465,85,40,25,60,18595,11030,1175,7565,4065,2730,1150,6885,5250,1635,32.3,590,971,68465,6885,59013,53886
129,30280,4225,4165,5095,27015,5785,16640,1210,1610,105,260,495,210,100,25,225,350,2910,28615,18750,9860,2935,15,1625,315,675,130,60,0,0,25765,14920,1685,10845,5965,3465,1805,9145,7335,1810,32,425,976,67622,9145,60162,55893
130,27160,3795,3735,4350,25355,3765,18045,840,1280,50,170,405,30,40,50,185,495,1315,25395,17095,8305,2755,0,2095,140,370,55,35,0,0,22845,13560,1445,9285,5675,3000,1550,7785,6785,1000,34,325,934,66372,7785,60262,55464
131,45905,8525,6940,4855,36175,17805,2015,6435,4675,880,335,565,415,140,50,1685,1180,9390,42920,29645,13280,2345,0,15,405,1100,15,530,75,105,37010,25100,2475,11915,5675,7380,2495,13060,11260,1805,27.5,375,1082,86997,13060,81553,72784
132,45085,9220,6960,4555,39340,18225,3400,8365,4685,450,310,790,240,105,35,1805,935,5660,42005,26970,15035,3450,65,155,655,1660,40,575,40,170,35625,22320,2905,13305,7380,6360,2115,13415,9510,3900,34.9,965,958,64497,13410,57528,53425
133,13100,2145,1915,1915,4950,1770,560,665,860,95,85,230,140,35,25,225,260,8115,12440,8900,3540,380,0,30,95,50,0,45,40,0,10925,7455,585,3475,1135,2180,685,4280,3965,305,17.9,185,1128,102278,4275,102864,86816
134,13100,1740,2060,2000,9185,4310,940,1370,920,210,0,275,305,65,20,430,320,3695,12420,9510,2910,395,0,25,35,160,0,0,45,65,11170,7350,645,3825,1295,2030,1025,3805,3360,445,17.7,165,909,98857,3805,98087,87321
135,17585,3120,2835,2335,12535,5125,690,2920,2020,210,70,170,360,30,35,595,305,4800,16250,10445,5810,1240,0,70,225,510,15,265,45,45,14210,8715,1110,5500,2405,2680,680,5860,3560,2300,29.7,595,857,66024,5860,54746,50069
136,26550,4945,3925,3605,15835,4470,820,5430,2100,420,180,230,685,70,100,855,475,10430,24780,16090,8685,2080,85,150,620,410,0,440,75,165,21440,12440,1675,9005,4285,4125,1100,9700,5875,3820,24.9,1070,686,65871,9695,49713,46803
137,53350,10300,7580,7445,38715,20985,4105,5170,3785,1070,220,365,1335,105,100,985,495,14285,49495,29770,19725,6030,150,440,560,4060,55,290,115,200,42730,24980,3310,17755,9140,7100,2555,18380,9905,8475,26.6,1640,840,63186,18380,52018,47908
138,22830,4555,3080,3160,16160,6675,975,3770,2310,410,185,345,420,30,95,650,290,6360,20960,12430,8530,2700,165,80,515,1010,10,435,165,265,17930,10505,1490,7425,3975,3130,930,8060,3585,4475,32.4,810,874,57357,8055,46495,42790
139,16615,3490,2460,2010,11455,5115,415,2855,1005,375,110,465,400,65,20,350,285,4835,15095,8530,6565,1870,15,35,145,935,0,355,90,150,12805,7405,1035,5405,2830,1785,735,5905,2715,3195,34,1010,833,61631,5910,42131,40181
140,9815,1295,1075,2520,2370,390,170,480,590,145,0,125,70,30,45,180,120,7240,9235,6705,2530,235,0,0,35,15,0,80,25,30,8340,4975,325,3365,1050,1755,390,3955,3095,860,14.9,185,1081,92858,3955,76055,67678